County,Year,Population
Albany,1990,"292,956"
Albany,1991,"295,530"
Albany,1992,"296,913"
Albany,1993,"298,592"
Albany,1994,"300,262"
Albany,1995,"299,725"
Albany,1996,"297,680"
Albany,1997,"296,187"
Albany,1998,"295,097"
Albany,1999,"294,692"
Albany,2000,"295,106"
Albany,2001,"296,232"
Albany,2002,"298,283"
Albany,2003,"301,085"
Albany,2004,"302,173"
Albany,2005,"302,791"
Albany,2006,"303,997"
Albany,2007,"303,858"
Albany,2008,"303,739"
Albany,2009,"304,733"
Albany,2010,"304,351"
Albany,2011,"305,961"
Albany,2012,"308,179"
Albany,2013,"310,132"
Albany,2014,"311,784"
Albany,2015,"313,127"
Albany,2016,"314,486"
Albany,2017,"315,662"
Albany,2018,"315,501"
Albany,2019,"314,630"
Albany,2020,"314,293"
Albany,2021,"316,195"
Albany,2022,"315,764"
Albany,2023,"317,590"
Albany,2024,"319,702"
Allegany,1990,"50,522"
Allegany,1991,"50,935"
Allegany,1992,"50,967"
Allegany,1993,"50,807"
Allegany,1994,"51,012"
Allegany,1995,"51,251"
Allegany,1996,"50,869"
Allegany,1997,"50,325"
Allegany,1998,"49,991"
Allegany,1999,"49,997"
Allegany,2000,"49,819"
Allegany,2001,"50,079"
Allegany,2002,"50,014"
Allegany,2003,"50,165"
Allegany,2004,"50,311"
Allegany,2005,"49,768"
Allegany,2006,"49,359"
Allegany,2007,"49,079"
Allegany,2008,"49,177"
Allegany,2009,"48,969"
Allegany,2010,"48,992"
Allegany,2011,"48,902"
Allegany,2012,"48,391"
Allegany,2013,"48,163"
Allegany,2014,"47,992"
Allegany,2015,"47,749"
Allegany,2016,"47,535"
Allegany,2017,"47,216"
Allegany,2018,"46,908"
Allegany,2019,"46,613"
Allegany,2020,"46,385"
Allegany,2021,"46,753"
Allegany,2022,"46,646"
Allegany,2023,"46,694"
Allegany,2024,"46,822"
Bronx,1990,"1,207,053"
Bronx,1991,"1,214,835"
Bronx,1992,"1,223,153"
Bronx,1993,"1,238,907"
Bronx,1994,"1,250,789"
Bronx,1995,"1,262,064"
Bronx,1996,"1,272,693"
Bronx,1997,"1,285,683"
Bronx,1998,"1,300,823"
Bronx,1999,"1,317,895"
Bronx,2000,"1,334,319"
Bronx,2001,"1,346,555"
Bronx,2002,"1,358,739"
Bronx,2003,"1,362,373"
Bronx,2004,"1,358,963"
Bronx,2005,"1,351,736"
Bronx,2006,"1,348,164"
Bronx,2007,"1,354,056"
Bronx,2008,"1,363,488"
Bronx,2009,"1,376,261"
Bronx,2010,"1,388,573"
Bronx,2011,"1,405,193"
Bronx,2012,"1,425,939"
Bronx,2013,"1,442,945"
Bronx,2014,"1,458,516"
Bronx,2015,"1,474,117"
Bronx,2016,"1,484,928"
Bronx,2017,"1,487,801"
Bronx,2018,"1,486,756"
Bronx,2019,"1,479,222"
Bronx,2020,"1,461,233"
Bronx,2021,"1,420,980"
Bronx,2022,"1,384,053"
Bronx,2023,"1,380,478"
Bronx,2024,"1,406,052"
Broome,1990,"212,252"
Broome,1991,"212,820"
Broome,1992,"213,460"
Broome,1993,"212,756"
Broome,1994,"210,823"
Broome,1995,"207,478"
Broome,1996,"204,415"
Broome,1997,"202,053"
Broome,1998,"201,072"
Broome,1999,"200,881"
Broome,2000,"200,351"
Broome,2001,"200,868"
Broome,2002,"201,438"
Broome,2003,"201,037"
Broome,2004,"200,974"
Broome,2005,"200,477"
Broome,2006,"200,905"
Broome,2007,"200,877"
Broome,2008,"201,029"
Broome,2009,"200,935"
Broome,2010,"200,693"
Broome,2011,"200,464"
Broome,2012,"200,667"
Broome,2013,"200,808"
Broome,2014,"201,029"
Broome,2015,"200,593"
Broome,2016,"200,068"
Broome,2017,"199,626"
Broome,2018,"199,471"
Broome,2019,"198,864"
Broome,2020,"198,145"
Broome,2021,"198,548"
Broome,2022,"197,171"
Broome,2023,"195,934"
Broome,2024,"195,893"
Cattaraugus,1990,"84,455"
Cattaraugus,1991,"84,961"
Cattaraugus,1992,"85,326"
Cattaraugus,1993,"85,523"
Cattaraugus,1994,"85,097"
Cattaraugus,1995,"85,040"
Cattaraugus,1996,"85,284"
Cattaraugus,1997,"84,718"
Cattaraugus,1998,"84,519"
Cattaraugus,1999,"84,050"
Cattaraugus,2000,"83,927"
Cattaraugus,2001,"83,346"
Cattaraugus,2002,"83,301"
Cattaraugus,2003,"83,335"
Cattaraugus,2004,"82,864"
Cattaraugus,2005,"82,039"
Cattaraugus,2006,"81,342"
Cattaraugus,2007,"81,056"
Cattaraugus,2008,"80,761"
Cattaraugus,2009,"80,491"
Cattaraugus,2010,"80,245"
Cattaraugus,2011,"79,948"
Cattaraugus,2012,"79,587"
Cattaraugus,2013,"79,338"
Cattaraugus,2014,"79,128"
Cattaraugus,2015,"78,482"
Cattaraugus,2016,"78,356"
Cattaraugus,2017,"77,947"
Cattaraugus,2018,"77,599"
Cattaraugus,2019,"77,184"
Cattaraugus,2020,"76,977"
Cattaraugus,2021,"76,560"
Cattaraugus,2022,"76,032"
Cattaraugus,2023,"75,671"
Cattaraugus,2024,"75,448"
Cayuga,1990,"82,446"
Cayuga,1991,"82,880"
Cayuga,1992,"82,889"
Cayuga,1993,"82,959"
Cayuga,1994,"82,933"
Cayuga,1995,"82,964"
Cayuga,1996,"82,846"
Cayuga,1997,"82,693"
Cayuga,1998,"82,497"
Cayuga,1999,"82,034"
Cayuga,2000,"81,871"
Cayuga,2001,"81,313"
Cayuga,2002,"81,401"
Cayuga,2003,"81,395"
Cayuga,2004,"81,284"
Cayuga,2005,"81,104"
Cayuga,2006,"80,892"
Cayuga,2007,"80,629"
Cayuga,2008,"80,482"
Cayuga,2009,"80,172"
Cayuga,2010,"79,906"
Cayuga,2011,"79,713"
Cayuga,2012,"79,535"
Cayuga,2013,"79,129"
Cayuga,2014,"78,803"
Cayuga,2015,"78,349"
Cayuga,2016,"77,728"
Cayuga,2017,"77,532"
Cayuga,2018,"77,164"
Cayuga,2019,"76,497"
Cayuga,2020,"76,107"
Cayuga,2021,"75,426"
Cayuga,2022,"74,730"
Cayuga,2023,"74,563"
Cayuga,2024,"74,642"
Chautauqua,1990,"142,054"
Chautauqua,1991,"142,680"
Chautauqua,1992,"142,603"
Chautauqua,1993,"143,131"
Chautauqua,1994,"143,041"
Chautauqua,1995,"142,542"
Chautauqua,1996,"142,476"
Chautauqua,1997,"141,531"
Chautauqua,1998,"140,784"
Chautauqua,1999,"140,087"
Chautauqua,2000,"139,593"
Chautauqua,2001,"138,730"
Chautauqua,2002,"138,346"
Chautauqua,2003,"137,587"
Chautauqua,2004,"137,174"
Chautauqua,2005,"136,139"
Chautauqua,2006,"135,640"
Chautauqua,2007,"135,481"
Chautauqua,2008,"135,229"
Chautauqua,2009,"135,197"
Chautauqua,2010,"134,760"
Chautauqua,2011,"134,400"
Chautauqua,2012,"133,644"
Chautauqua,2013,"133,333"
Chautauqua,2014,"132,379"
Chautauqua,2015,"131,307"
Chautauqua,2016,"130,173"
Chautauqua,2017,"129,425"
Chautauqua,2018,"128,655"
Chautauqua,2019,"127,913"
Chautauqua,2020,"127,383"
Chautauqua,2021,"126,549"
Chautauqua,2022,"125,558"
Chautauqua,2023,"125,061"
Chautauqua,2024,"124,697"
Chemung,1990,"95,292"
Chemung,1991,"95,001"
Chemung,1992,"94,954"
Chemung,1993,"94,711"
Chemung,1994,"94,132"
Chemung,1995,"93,675"
Chemung,1996,"92,972"
Chemung,1997,"92,162"
Chemung,1998,"91,791"
Chemung,1999,"91,284"
Chemung,2000,"91,094"
Chemung,2001,"90,780"
Chemung,2002,"90,613"
Chemung,2003,"90,154"
Chemung,2004,"89,777"
Chemung,2005,"88,860"
Chemung,2006,"88,732"
Chemung,2007,"88,634"
Chemung,2008,"88,503"
Chemung,2009,"88,849"
Chemung,2010,"88,927"
Chemung,2011,"89,074"
Chemung,2012,"89,448"
Chemung,2013,"88,643"
Chemung,2014,"87,779"
Chemung,2015,"87,438"
Chemung,2016,"86,486"
Chemung,2017,"85,747"
Chemung,2018,"85,081"
Chemung,2019,"84,580"
Chemung,2020,"83,652"
Chemung,2021,"83,061"
Chemung,2022,"81,535"
Chemung,2023,"81,090"
Chemung,2024,"80,837"
Chenango,1990,"51,813"
Chenango,1991,"52,160"
Chenango,1992,"52,341"
Chenango,1993,"52,552"
Chenango,1994,"52,479"
Chenango,1995,"52,127"
Chenango,1996,"52,297"
Chenango,1997,"52,017"
Chenango,1998,"51,432"
Chenango,1999,"51,286"
Chenango,2000,"51,325"
Chenango,2001,"51,109"
Chenango,2002,"51,205"
Chenango,2003,"51,393"
Chenango,2004,"51,297"
Chenango,2005,"51,154"
Chenango,2006,"51,391"
Chenango,2007,"51,463"
Chenango,2008,"51,326"
Chenango,2009,"50,639"
Chenango,2010,"50,412"
Chenango,2011,"50,239"
Chenango,2012,"49,975"
Chenango,2013,"49,600"
Chenango,2014,"49,484"
Chenango,2015,"48,973"
Chenango,2016,"48,538"
Chenango,2017,"48,089"
Chenango,2018,"47,784"
Chenango,2019,"47,549"
Chenango,2020,"47,071"
Chenango,2021,"46,604"
Chenango,2022,"46,334"
Chenango,2023,"45,904"
Chenango,2024,"45,793"
Clinton,1990,"86,160"
Clinton,1991,"86,086"
Clinton,1992,"85,555"
Clinton,1993,"86,420"
Clinton,1994,"86,444"
Clinton,1995,"82,914"
Clinton,1996,"80,440"
Clinton,1997,"80,191"
Clinton,1998,"79,926"
Clinton,1999,"79,875"
Clinton,2000,"79,891"
Clinton,2001,"80,320"
Clinton,2002,"80,707"
Clinton,2003,"81,396"
Clinton,2004,"81,803"
Clinton,2005,"82,233"
Clinton,2006,"82,547"
Clinton,2007,"82,556"
Clinton,2008,"82,401"
Clinton,2009,"82,280"
Clinton,2010,"82,098"
Clinton,2011,"81,726"
Clinton,2012,"81,715"
Clinton,2013,"81,521"
Clinton,2014,"81,468"
Clinton,2015,"80,724"
Clinton,2016,"80,478"
Clinton,2017,"80,546"
Clinton,2018,"80,619"
Clinton,2019,"79,968"
Clinton,2020,"79,713"
Clinton,2021,"79,034"
Clinton,2022,"78,011"
Clinton,2023,"77,905"
Clinton,2024,"77,832"
Columbia,1990,"63,048"
Columbia,1991,"62,967"
Columbia,1992,"63,228"
Columbia,1993,"63,428"
Columbia,1994,"63,549"
Columbia,1995,"63,790"
Columbia,1996,"63,625"
Columbia,1997,"63,505"
Columbia,1998,"63,356"
Columbia,1999,"63,217"
Columbia,2000,"63,046"
Columbia,2001,"62,953"
Columbia,2002,"63,182"
Columbia,2003,"63,304"
Columbia,2004,"63,646"
Columbia,2005,"63,717"
Columbia,2006,"63,427"
Columbia,2007,"63,430"
Columbia,2008,"63,253"
Columbia,2009,"63,023"
Columbia,2010,"63,084"
Columbia,2011,"62,779"
Columbia,2012,"62,895"
Columbia,2013,"62,795"
Columbia,2014,"62,796"
Columbia,2015,"62,488"
Columbia,2016,"62,037"
Columbia,2017,"61,746"
Columbia,2018,"61,482"
Columbia,2019,"61,410"
Columbia,2020,"61,468"
Columbia,2021,"61,949"
Columbia,2022,"61,176"
Columbia,2023,"60,607"
Columbia,2024,"60,389"
Cortland,1990,"49,127"
Cortland,1991,"49,280"
Cortland,1992,"49,500"
Cortland,1993,"49,584"
Cortland,1994,"49,502"
Cortland,1995,"49,123"
Cortland,1996,"48,726"
Cortland,1997,"48,619"
Cortland,1998,"48,755"
Cortland,1999,"48,734"
Cortland,2000,"48,693"
Cortland,2001,"48,903"
Cortland,2002,"48,891"
Cortland,2003,"49,475"
Cortland,2004,"49,628"
Cortland,2005,"49,330"
Cortland,2006,"49,449"
Cortland,2007,"49,624"
Cortland,2008,"49,537"
Cortland,2009,"49,358"
Cortland,2010,"49,265"
Cortland,2011,"49,322"
Cortland,2012,"48,922"
Cortland,2013,"48,759"
Cortland,2014,"48,546"
Cortland,2015,"48,050"
Cortland,2016,"47,654"
Cortland,2017,"47,491"
Cortland,2018,"47,330"
Cortland,2019,"46,972"
Cortland,2020,"46,745"
Cortland,2021,"46,488"
Cortland,2022,"46,128"
Cortland,2023,"46,004"
Cortland,2024,"46,062"
Delaware,1990,"47,464"
Delaware,1991,"47,733"
Delaware,1992,"48,021"
Delaware,1993,"48,387"
Delaware,1994,"48,526"
Delaware,1995,"48,638"
Delaware,1996,"48,342"
Delaware,1997,"47,878"
Delaware,1998,"47,999"
Delaware,1999,"48,069"
Delaware,2000,"47,864"
Delaware,2001,"47,771"
Delaware,2002,"47,666"
Delaware,2003,"47,930"
Delaware,2004,"48,283"
Delaware,2005,"48,377"
Delaware,2006,"48,271"
Delaware,2007,"48,450"
Delaware,2008,"48,363"
Delaware,2009,"48,182"
Delaware,2010,"47,894"
Delaware,2011,"47,614"
Delaware,2012,"47,270"
Delaware,2013,"46,883"
Delaware,2014,"46,668"
Delaware,2015,"46,020"
Delaware,2016,"45,547"
Delaware,2017,"45,234"
Delaware,2018,"44,820"
Delaware,2019,"44,576"
Delaware,2020,"44,215"
Delaware,2021,"44,736"
Delaware,2022,"44,771"
Delaware,2023,"44,533"
Delaware,2024,"44,481"
Dutchess,1990,"260,238"
Dutchess,1991,"261,952"
Dutchess,1992,"264,450"
Dutchess,1993,"265,585"
Dutchess,1994,"264,860"
Dutchess,1995,"266,538"
Dutchess,1996,"268,986"
Dutchess,1997,"270,935"
Dutchess,1998,"273,784"
Dutchess,1999,"277,586"
Dutchess,2000,"280,914"
Dutchess,2001,"284,712"
Dutchess,2002,"287,700"
Dutchess,2003,"290,781"
Dutchess,2004,"292,859"
Dutchess,2005,"294,362"
Dutchess,2006,"294,712"
Dutchess,2007,"295,319"
Dutchess,2008,"296,267"
Dutchess,2009,"296,887"
Dutchess,2010,"297,778"
Dutchess,2011,"298,424"
Dutchess,2012,"297,539"
Dutchess,2013,"297,030"
Dutchess,2014,"296,127"
Dutchess,2015,"295,297"
Dutchess,2016,"294,484"
Dutchess,2017,"295,158"
Dutchess,2018,"295,687"
Dutchess,2019,"296,034"
Dutchess,2020,"296,309"
Dutchess,2021,"297,659"
Dutchess,2022,"297,214"
Dutchess,2023,"297,451"
Dutchess,2024,"299,256"
Erie,1990,"969,780"
Erie,1991,"973,280"
Erie,1992,"976,538"
Erie,1993,"977,751"
Erie,1994,"977,079"
Erie,1995,"973,927"
Erie,1996,"970,375"
Erie,1997,"963,040"
Erie,1998,"956,578"
Erie,1999,"952,546"
Erie,2000,"949,440"
Erie,2001,"946,515"
Erie,2002,"943,551"
Erie,2003,"941,846"
Erie,2004,"938,333"
Erie,2005,"931,745"
Erie,2006,"925,564"
Erie,2007,"921,887"
Erie,2008,"920,571"
Erie,2009,"919,334"
Erie,2010,"920,059"
Erie,2011,"924,403"
Erie,2012,"928,112"
Erie,2013,"932,734"
Erie,2014,"937,256"
Erie,2015,"939,783"
Erie,2016,"941,531"
Erie,2017,"945,520"
Erie,2018,"949,686"
Erie,2019,"952,161"
Erie,2020,"952,491"
Erie,2021,"952,725"
Erie,2022,"949,276"
Erie,2023,"947,418"
Erie,2024,"947,783"
Essex,1990,"37,286"
Essex,1991,"37,593"
Essex,1992,"37,619"
Essex,1993,"38,060"
Essex,1994,"38,243"
Essex,1995,"38,262"
Essex,1996,"38,595"
Essex,1997,"38,646"
Essex,1998,"38,506"
Essex,1999,"38,664"
Essex,2000,"38,911"
Essex,2001,"38,893"
Essex,2002,"39,195"
Essex,2003,"39,334"
Essex,2004,"39,295"
Essex,2005,"39,321"
Essex,2006,"39,490"
Essex,2007,"39,373"
Essex,2008,"39,435"
Essex,2009,"39,478"
Essex,2010,"39,370"
Essex,2011,"39,329"
Essex,2012,"38,979"
Essex,2013,"38,746"
Essex,2014,"38,511"
Essex,2015,"38,193"
Essex,2016,"37,957"
Essex,2017,"37,825"
Essex,2018,"37,656"
Essex,2019,"37,376"
Essex,2020,"37,275"
Essex,2021,"37,238"
Essex,2022,"36,756"
Essex,2023,"36,686"
Essex,2024,"36,539"
Franklin,1990,"46,668"
Franklin,1991,"47,886"
Franklin,1992,"48,702"
Franklin,1993,"49,350"
Franklin,1994,"49,712"
Franklin,1995,"49,965"
Franklin,1996,"50,179"
Franklin,1997,"49,919"
Franklin,1998,"49,620"
Franklin,1999,"51,061"
Franklin,2000,"51,044"
Franklin,2001,"50,925"
Franklin,2002,"50,924"
Franklin,2003,"51,228"
Franklin,2004,"51,197"
Franklin,2005,"51,257"
Franklin,2006,"51,511"
Franklin,2007,"51,782"
Franklin,2008,"51,907"
Franklin,2009,"51,706"
Franklin,2010,"51,581"
Franklin,2011,"51,237"
Franklin,2012,"51,238"
Franklin,2013,"50,423"
Franklin,2014,"50,066"
Franklin,2015,"49,262"
Franklin,2016,"49,536"
Franklin,2017,"48,696"
Franklin,2018,"48,298"
Franklin,2019,"47,830"
Franklin,2020,"47,252"
Franklin,2021,"46,801"
Franklin,2022,"46,112"
Franklin,2023,"46,224"
Franklin,2024,"46,983"
Fulton,1990,"54,336"
Fulton,1991,"54,744"
Fulton,1992,"54,814"
Fulton,1993,"55,122"
Fulton,1994,"55,232"
Fulton,1995,"55,217"
Fulton,1996,"55,388"
Fulton,1997,"55,102"
Fulton,1998,"54,971"
Fulton,1999,"55,011"
Fulton,2000,"54,976"
Fulton,2001,"54,904"
Fulton,2002,"54,988"
Fulton,2003,"55,081"
Fulton,2004,"55,233"
Fulton,2005,"55,301"
Fulton,2006,"55,328"
Fulton,2007,"55,489"
Fulton,2008,"55,584"
Fulton,2009,"55,558"
Fulton,2010,"55,461"
Fulton,2011,"55,156"
Fulton,2012,"54,923"
Fulton,2013,"54,458"
Fulton,2014,"54,077"
Fulton,2015,"53,982"
Fulton,2016,"53,845"
Fulton,2017,"54,049"
Fulton,2018,"53,921"
Fulton,2019,"53,634"
Fulton,2020,"53,084"
Fulton,2021,"52,862"
Fulton,2022,"52,403"
Fulton,2023,"52,468"
Fulton,2024,"52,184"
Genesee,1990,"60,167"
Genesee,1991,"60,529"
Genesee,1992,"60,856"
Genesee,1993,"61,164"
Genesee,1994,"61,282"
Genesee,1995,"61,105"
Genesee,1996,"61,288"
Genesee,1997,"61,216"
Genesee,1998,"60,877"
Genesee,1999,"60,554"
Genesee,2000,"60,539"
Genesee,2001,"60,321"
Genesee,2002,"60,289"
Genesee,2003,"60,412"
Genesee,2004,"60,224"
Genesee,2005,"60,068"
Genesee,2006,"59,919"
Genesee,2007,"59,930"
Genesee,2008,"59,895"
Genesee,2009,"59,932"
Genesee,2010,"59,963"
Genesee,2011,"60,051"
Genesee,2012,"59,967"
Genesee,2013,"59,536"
Genesee,2014,"59,279"
Genesee,2015,"59,148"
Genesee,2016,"58,809"
Genesee,2017,"58,739"
Genesee,2018,"58,546"
Genesee,2019,"58,576"
Genesee,2020,"58,299"
Genesee,2021,"57,925"
Genesee,2022,"57,584"
Genesee,2023,"58,016"
Genesee,2024,"58,428"
Greene,1990,"44,847"
Greene,1991,"45,298"
Greene,1992,"46,243"
Greene,1993,"46,716"
Greene,1994,"47,000"
Greene,1995,"47,187"
Greene,1996,"47,170"
Greene,1997,"47,346"
Greene,1998,"47,771"
Greene,1999,"47,975"
Greene,2000,"47,986"
Greene,2001,"47,976"
Greene,2002,"48,177"
Greene,2003,"48,416"
Greene,2004,"48,755"
Greene,2005,"49,142"
Greene,2006,"49,513"
Greene,2007,"49,537"
Greene,2008,"49,467"
Greene,2009,"49,372"
Greene,2010,"49,155"
Greene,2011,"48,948"
Greene,2012,"48,750"
Greene,2013,"48,540"
Greene,2014,"48,266"
Greene,2015,"47,997"
Greene,2016,"47,928"
Greene,2017,"47,921"
Greene,2018,"47,991"
Greene,2019,"47,872"
Greene,2020,"47,743"
Greene,2021,"48,272"
Greene,2022,"47,654"
Greene,2023,"47,411"
Greene,2024,"47,311"
Hamilton,1990,"5,292"
Hamilton,1991,"5,362"
Hamilton,1992,"5,366"
Hamilton,1993,"5,318"
Hamilton,1994,"5,279"
Hamilton,1995,"5,245"
Hamilton,1996,"5,354"
Hamilton,1997,"5,274"
Hamilton,1998,"5,296"
Hamilton,1999,"5,325"
Hamilton,2000,"5,377"
Hamilton,2001,"5,312"
Hamilton,2002,"5,232"
Hamilton,2003,"5,181"
Hamilton,2004,"5,158"
Hamilton,2005,"5,093"
Hamilton,2006,"4,987"
Hamilton,2007,"4,969"
Hamilton,2008,"4,893"
Hamilton,2009,"4,858"
Hamilton,2010,"4,870"
Hamilton,2011,"4,919"
Hamilton,2012,"4,969"
Hamilton,2013,"5,007"
Hamilton,2014,"5,015"
Hamilton,2015,"5,088"
Hamilton,2016,"5,020"
Hamilton,2017,"5,012"
Hamilton,2018,"5,063"
Hamilton,2019,"5,122"
Hamilton,2020,"5,073"
Hamilton,2021,"5,109"
Hamilton,2022,"5,102"
Hamilton,2023,"5,068"
Hamilton,2024,"5,083"
Herkimer,1990,"65,883"
Herkimer,1991,"66,344"
Herkimer,1992,"66,602"
Herkimer,1993,"66,926"
Herkimer,1994,"67,038"
Herkimer,1995,"66,711"
Herkimer,1996,"66,454"
Herkimer,1997,"65,818"
Herkimer,1998,"64,909"
Herkimer,1999,"64,462"
Herkimer,2000,"64,451"
Herkimer,2001,"64,274"
Herkimer,2002,"63,971"
Herkimer,2003,"64,080"
Herkimer,2004,"64,332"
Herkimer,2005,"64,292"
Herkimer,2006,"64,029"
Herkimer,2007,"64,343"
Herkimer,2008,"64,404"
Herkimer,2009,"64,381"
Herkimer,2010,"64,447"
Herkimer,2011,"64,273"
Herkimer,2012,"64,025"
Herkimer,2013,"63,591"
Herkimer,2014,"63,004"
Herkimer,2015,"62,178"
Herkimer,2016,"61,862"
Herkimer,2017,"61,529"
Herkimer,2018,"61,004"
Herkimer,2019,"60,509"
Herkimer,2020,"60,043"
Herkimer,2021,"60,036"
Herkimer,2022,"59,581"
Herkimer,2023,"59,551"
Herkimer,2024,"59,368"
Jefferson,1990,"111,549"
Jefferson,1991,"112,911"
Jefferson,1992,"114,463"
Jefferson,1993,"114,874"
Jefferson,1994,"116,932"
Jefferson,1995,"115,361"
Jefferson,1996,"114,585"
Jefferson,1997,"113,055"
Jefferson,1998,"112,546"
Jefferson,1999,"112,081"
Jefferson,2000,"111,790"
Jefferson,2001,"111,422"
Jefferson,2002,"111,112"
Jefferson,2003,"110,246"
Jefferson,2004,"109,924"
Jefferson,2005,"113,486"
Jefferson,2006,"113,650"
Jefferson,2007,"115,059"
Jefferson,2008,"115,033"
Jefferson,2009,"115,023"
Jefferson,2010,"116,810"
Jefferson,2011,"118,816"
Jefferson,2012,"122,150"
Jefferson,2013,"121,238"
Jefferson,2014,"121,548"
Jefferson,2015,"120,772"
Jefferson,2016,"118,321"
Jefferson,2017,"119,335"
Jefferson,2018,"118,919"
Jefferson,2019,"117,602"
Jefferson,2020,"116,075"
Jefferson,2021,"117,019"
Jefferson,2022,"115,493"
Jefferson,2023,"113,280"
Jefferson,2024,"112,795"
Kings,1990,"2,303,679"
Kings,1991,"2,312,518"
Kings,1992,"2,327,759"
Kings,1993,"2,347,687"
Kings,1994,"2,361,668"
Kings,1995,"2,372,611"
Kings,1996,"2,383,703"
Kings,1997,"2,401,148"
Kings,1998,"2,422,434"
Kings,1999,"2,447,352"
Kings,2000,"2,467,006"
Kings,2001,"2,477,252"
Kings,2002,"2,480,559"
Kings,2003,"2,472,999"
Kings,2004,"2,459,094"
Kings,2005,"2,445,809"
Kings,2006,"2,436,132"
Kings,2007,"2,441,324"
Kings,2008,"2,460,361"
Kings,2009,"2,487,751"
Kings,2010,"2,514,665"
Kings,2011,"2,564,525"
Kings,2012,"2,611,093"
Kings,2013,"2,649,210"
Kings,2014,"2,681,874"
Kings,2015,"2,708,040"
Kings,2016,"2,726,337"
Kings,2017,"2,731,444"
Kings,2018,"2,736,071"
Kings,2019,"2,737,209"
Kings,2020,"2,722,259"
Kings,2021,"2,634,576"
Kings,2022,"2,600,751"
Kings,2023,"2,611,893"
Kings,2024,"2,658,657"
Lewis,1990,"26,872"
Lewis,1991,"27,043"
Lewis,1992,"27,165"
Lewis,1993,"27,158"
Lewis,1994,"27,319"
Lewis,1995,"27,364"
Lewis,1996,"27,357"
Lewis,1997,"27,251"
Lewis,1998,"27,072"
Lewis,1999,"26,914"
Lewis,2000,"26,989"
Lewis,2001,"26,951"
Lewis,2002,"26,618"
Lewis,2003,"26,692"
Lewis,2004,"26,661"
Lewis,2005,"26,773"
Lewis,2006,"27,001"
Lewis,2007,"27,086"
Lewis,2008,"26,878"
Lewis,2009,"27,047"
Lewis,2010,"27,081"
Lewis,2011,"27,065"
Lewis,2012,"27,268"
Lewis,2013,"27,205"
Lewis,2014,"27,233"
Lewis,2015,"27,006"
Lewis,2016,"26,874"
Lewis,2017,"26,858"
Lewis,2018,"26,790"
Lewis,2019,"26,651"
Lewis,2020,"26,571"
Lewis,2021,"26,739"
Lewis,2022,"26,616"
Lewis,2023,"26,568"
Lewis,2024,"26,512"
Livingston,1990,"62,477"
Livingston,1991,"62,631"
Livingston,1992,"63,512"
Livingston,1993,"63,773"
Livingston,1994,"64,015"
Livingston,1995,"64,146"
Livingston,1996,"64,146"
Livingston,1997,"64,217"
Livingston,1998,"63,948"
Livingston,1999,"64,243"
Livingston,2000,"64,705"
Livingston,2001,"65,088"
Livingston,2002,"65,118"
Livingston,2003,"65,130"
Livingston,2004,"65,484"
Livingston,2005,"65,322"
Livingston,2006,"65,357"
Livingston,2007,"65,460"
Livingston,2008,"65,637"
Livingston,2009,"65,420"
Livingston,2010,"65,208"
Livingston,2011,"64,743"
Livingston,2012,"64,617"
Livingston,2013,"64,375"
Livingston,2014,"64,264"
Livingston,2015,"63,954"
Livingston,2016,"63,558"
Livingston,2017,"62,976"
Livingston,2018,"62,681"
Livingston,2019,"62,219"
Livingston,2020,"61,577"
Livingston,2021,"61,662"
Livingston,2022,"61,356"
Livingston,2023,"61,184"
Livingston,2024,"61,364"
Madison,1990,"69,300"
Madison,1991,"70,021"
Madison,1992,"70,660"
Madison,1993,"70,585"
Madison,1994,"70,488"
Madison,1995,"70,182"
Madison,1996,"70,151"
Madison,1997,"69,554"
Madison,1998,"69,464"
Madison,1999,"69,523"
Madison,2000,"69,450"
Madison,2001,"69,852"
Madison,2002,"70,261"
Madison,2003,"71,010"
Madison,2004,"71,397"
Madison,2005,"71,471"
Madison,2006,"72,042"
Madison,2007,"72,709"
Madison,2008,"73,075"
Madison,2009,"73,169"
Madison,2010,"73,378"
Madison,2011,"72,577"
Madison,2012,"71,859"
Madison,2013,"71,655"
Madison,2014,"71,160"
Madison,2015,"70,430"
Madison,2016,"69,820"
Madison,2017,"69,130"
Madison,2018,"69,060"
Madison,2019,"68,498"
Madison,2020,"67,942"
Madison,2021,"67,405"
Madison,2022,"67,059"
Madison,2023,"67,242"
Madison,2024,"67,193"
Monroe,1990,"715,825"
Monroe,1991,"721,362"
Monroe,1992,"729,060"
Monroe,1993,"733,968"
Monroe,1994,"734,382"
Monroe,1995,"733,643"
Monroe,1996,"734,257"
Monroe,1997,"734,394"
Monroe,1998,"734,076"
Monroe,1999,"733,679"
Monroe,2000,"738,979"
Monroe,2001,"739,891"
Monroe,2002,"741,391"
Monroe,2003,"741,671"
Monroe,2004,"741,075"
Monroe,2005,"738,506"
Monroe,2006,"738,329"
Monroe,2007,"739,249"
Monroe,2008,"741,018"
Monroe,2009,"743,386"
Monroe,2010,"745,029"
Monroe,2011,"749,027"
Monroe,2012,"751,444"
Monroe,2013,"754,196"
Monroe,2014,"755,089"
Monroe,2015,"755,118"
Monroe,2016,"755,191"
Monroe,2017,"756,333"
Monroe,2018,"758,810"
Monroe,2019,"758,941"
Monroe,2020,"758,384"
Monroe,2021,"754,572"
Monroe,2022,"750,469"
Monroe,2023,"748,957"
Monroe,2024,"750,294"
Montgomery,1990,"52,036"
Montgomery,1991,"51,896"
Montgomery,1992,"51,928"
Montgomery,1993,"51,807"
Montgomery,1994,"51,752"
Montgomery,1995,"51,649"
Montgomery,1996,"51,305"
Montgomery,1997,"50,798"
Montgomery,1998,"50,321"
Montgomery,1999,"49,918"
Montgomery,2000,"49,605"
Montgomery,2001,"49,472"
Montgomery,2002,"49,298"
Montgomery,2003,"49,449"
Montgomery,2004,"49,460"
Montgomery,2005,"49,505"
Montgomery,2006,"49,724"
Montgomery,2007,"49,798"
Montgomery,2008,"49,951"
Montgomery,2009,"50,001"
Montgomery,2010,"50,320"
Montgomery,2011,"49,957"
Montgomery,2012,"49,905"
Montgomery,2013,"49,853"
Montgomery,2014,"49,819"
Montgomery,2015,"49,737"
Montgomery,2016,"49,433"
Montgomery,2017,"49,425"
Montgomery,2018,"49,754"
Montgomery,2019,"49,638"
Montgomery,2020,"49,499"
Montgomery,2021,"49,512"
Montgomery,2022,"49,454"
Montgomery,2023,"49,531"
Montgomery,2024,"49,580"
Nassau,1990,"1,286,905"
Nassau,1991,"1,293,072"
Nassau,1992,"1,299,575"
Nassau,1993,"1,304,543"
Nassau,1994,"1,308,489"
Nassau,1995,"1,312,950"
Nassau,1996,"1,315,799"
Nassau,1997,"1,318,211"
Nassau,1998,"1,322,950"
Nassau,1999,"1,330,815"
Nassau,2000,"1,336,713"
Nassau,2001,"1,337,086"
Nassau,2002,"1,339,572"
Nassau,2003,"1,339,761"
Nassau,2004,"1,337,964"
Nassau,2005,"1,332,318"
Nassau,2006,"1,324,905"
Nassau,2007,"1,322,048"
Nassau,2008,"1,325,129"
Nassau,2009,"1,332,088"
Nassau,2010,"1,342,694"
Nassau,2011,"1,351,478"
Nassau,2012,"1,359,255"
Nassau,2013,"1,366,077"
Nassau,2014,"1,372,792"
Nassau,2015,"1,377,148"
Nassau,2016,"1,382,459"
Nassau,2017,"1,387,871"
Nassau,2018,"1,392,254"
Nassau,2019,"1,395,123"
Nassau,2020,"1,390,952"
Nassau,2021,"1,391,787"
Nassau,2022,"1,388,346"
Nassau,2023,"1,388,940"
Nassau,2024,"1,397,783"
New York,1990,"1,487,073"
New York,1991,"1,483,644"
New York,1992,"1,485,877"
New York,1993,"1,493,582"
New York,1994,"1,503,909"
New York,1995,"1,514,184"
New York,1996,"1,521,415"
New York,1997,"1,527,384"
New York,1998,"1,531,067"
New York,1999,"1,535,624"
New York,2000,"1,540,547"
New York,2001,"1,555,729"
New York,2002,"1,555,382"
New York,2003,"1,562,154"
New York,2004,"1,569,947"
New York,2005,"1,573,573"
New York,2006,"1,578,171"
New York,2007,"1,581,402"
New York,2008,"1,587,022"
New York,2009,"1,583,431"
New York,2010,"1,590,931"
New York,2011,"1,618,186"
New York,2012,"1,641,641"
New York,2013,"1,653,028"
New York,2014,"1,663,961"
New York,2015,"1,677,134"
New York,2016,"1,684,128"
New York,2017,"1,687,323"
New York,2018,"1,694,959"
New York,2019,"1,702,471"
New York,2020,"1,687,033"
New York,2021,"1,569,781"
New York,2022,"1,593,919"
New York,2023,"1,631,534"
New York,2024,"1,665,510"
Niagara,1990,"221,163"
Niagara,1991,"221,712"
Niagara,1992,"221,952"
Niagara,1993,"222,993"
Niagara,1994,"223,400"
Niagara,1995,"223,958"
Niagara,1996,"223,792"
Niagara,1997,"223,135"
Niagara,1998,"221,884"
Niagara,1999,"220,556"
Niagara,2000,"219,620"
Niagara,2001,"218,552"
Niagara,2002,"218,127"
Niagara,2003,"218,072"
Niagara,2004,"217,737"
Niagara,2005,"216,818"
Niagara,2006,"216,148"
Niagara,2007,"215,791"
Niagara,2008,"215,793"
Niagara,2009,"216,043"
Niagara,2010,"216,570"
Niagara,2011,"216,209"
Niagara,2012,"215,596"
Niagara,2013,"215,384"
Niagara,2014,"214,977"
Niagara,2015,"214,424"
Niagara,2016,"213,976"
Niagara,2017,"213,719"
Niagara,2018,"213,495"
Niagara,2019,"213,145"
Niagara,2020,"212,118"
Niagara,2021,"211,778"
Niagara,2022,"210,403"
Niagara,2023,"209,451"
Niagara,2024,"209,380"
Oneida,1990,"251,191"
Oneida,1991,"253,064"
Oneida,1992,"253,819"
Oneida,1993,"252,682"
Oneida,1994,"250,964"
Oneida,1995,"244,736"
Oneida,1996,"239,246"
Oneida,1997,"236,863"
Oneida,1998,"235,710"
Oneida,1999,"235,412"
Oneida,2000,"235,146"
Oneida,2001,"234,247"
Oneida,2002,"234,078"
Oneida,2003,"234,243"
Oneida,2004,"234,654"
Oneida,2005,"234,282"
Oneida,2006,"234,229"
Oneida,2007,"234,488"
Oneida,2008,"234,482"
Oneida,2009,"234,619"
Oneida,2010,"234,862"
Oneida,2011,"234,778"
Oneida,2012,"234,772"
Oneida,2013,"234,805"
Oneida,2014,"234,511"
Oneida,2015,"233,632"
Oneida,2016,"233,132"
Oneida,2017,"233,181"
Oneida,2018,"233,073"
Oneida,2019,"232,323"
Oneida,2020,"231,265"
Oneida,2021,"229,229"
Oneida,2022,"228,351"
Oneida,2023,"227,555"
Oneida,2024,"227,292"
Onondaga,1990,"469,903"
Onondaga,1991,"472,463"
Onondaga,1992,"473,971"
Onondaga,1993,"474,922"
Onondaga,1994,"472,692"
Onondaga,1995,"470,235"
Onondaga,1996,"466,614"
Onondaga,1997,"462,438"
Onondaga,1998,"459,882"
Onondaga,1999,"458,575"
Onondaga,2000,"458,034"
Onondaga,2001,"458,576"
Onondaga,2002,"459,484"
Onondaga,2003,"460,961"
Onondaga,2004,"461,412"
Onondaga,2005,"460,910"
Onondaga,2006,"460,925"
Onondaga,2007,"461,287"
Onondaga,2008,"463,472"
Onondaga,2009,"465,633"
Onondaga,2010,"467,963"
Onondaga,2011,"469,756"
Onondaga,2012,"470,883"
Onondaga,2013,"473,710"
Onondaga,2014,"474,543"
Onondaga,2015,"475,053"
Onondaga,2016,"474,540"
Onondaga,2017,"473,907"
Onondaga,2018,"475,617"
Onondaga,2019,"476,259"
Onondaga,2020,"475,429"
Onondaga,2021,"471,829"
Onondaga,2022,"469,910"
Onondaga,2023,"468,524"
Onondaga,2024,"468,173"
Ontario,1990,"95,352"
Ontario,1991,"96,514"
Ontario,1992,"97,623"
Ontario,1993,"98,327"
Ontario,1994,"98,509"
Ontario,1995,"98,816"
Ontario,1996,"99,509"
Ontario,1997,"99,693"
Ontario,1998,"99,603"
Ontario,1999,"99,802"
Ontario,2000,"100,106"
Ontario,2001,"100,819"
Ontario,2002,"101,763"
Ontario,2003,"102,625"
Ontario,2004,"103,385"
Ontario,2005,"104,259"
Ontario,2006,"104,644"
Ontario,2007,"105,216"
Ontario,2008,"106,302"
Ontario,2009,"107,214"
Ontario,2010,"108,242"
Ontario,2011,"108,909"
Ontario,2012,"109,169"
Ontario,2013,"109,843"
Ontario,2014,"110,374"
Ontario,2015,"110,555"
Ontario,2016,"110,814"
Ontario,2017,"111,351"
Ontario,2018,"111,896"
Ontario,2019,"112,153"
Ontario,2020,"112,467"
Ontario,2021,"112,698"
Ontario,2022,"112,499"
Ontario,2023,"112,374"
Ontario,2024,"112,733"
Orange,1990,"308,803"
Orange,1991,"312,038"
Orange,1992,"315,957"
Orange,1993,"318,999"
Orange,1994,"320,744"
Orange,1995,"323,451"
Orange,1996,"326,000"
Orange,1997,"328,860"
Orange,1998,"332,199"
Orange,1999,"336,630"
Orange,2000,"342,892"
Orange,2001,"347,674"
Orange,2002,"352,975"
Orange,2003,"358,727"
Orange,2004,"362,934"
Orange,2005,"364,522"
Orange,2006,"366,908"
Orange,2007,"368,464"
Orange,2008,"370,201"
Orange,2009,"372,079"
Orange,2010,"373,849"
Orange,2011,"376,163"
Orange,2012,"377,386"
Orange,2013,"379,602"
Orange,2014,"381,725"
Orange,2015,"384,285"
Orange,2016,"387,868"
Orange,2017,"391,464"
Orange,2018,"395,573"
Orange,2019,"399,706"
Orange,2020,"400,973"
Orange,2021,"405,133"
Orange,2022,"407,314"
Orange,2023,"410,179"
Orange,2024,"415,088"
Orleans,1990,"41,970"
Orleans,1991,"42,432"
Orleans,1992,"43,674"
Orleans,1993,"43,850"
Orleans,1994,"44,345"
Orleans,1995,"44,524"
Orleans,1996,"44,435"
Orleans,1997,"44,172"
Orleans,1998,"44,167"
Orleans,1999,"44,183"
Orleans,2000,"44,178"
Orleans,2001,"43,898"
Orleans,2002,"43,660"
Orleans,2003,"43,593"
Orleans,2004,"43,682"
Orleans,2005,"43,475"
Orleans,2006,"43,420"
Orleans,2007,"43,342"
Orleans,2008,"43,254"
Orleans,2009,"42,975"
Orleans,2010,"42,856"
Orleans,2011,"42,683"
Orleans,2012,"42,450"
Orleans,2013,"42,313"
Orleans,2014,"41,968"
Orleans,2015,"41,610"
Orleans,2016,"41,422"
Orleans,2017,"40,991"
Orleans,2018,"40,910"
Orleans,2019,"40,577"
Orleans,2020,"40,047"
Orleans,2021,"39,783"
Orleans,2022,"39,510"
Orleans,2023,"39,567"
Orleans,2024,"39,886"
Oswego,1990,"122,302"
Oswego,1991,"123,134"
Oswego,1992,"123,857"
Oswego,1993,"124,802"
Oswego,1994,"124,319"
Oswego,1995,"123,972"
Oswego,1996,"123,619"
Oswego,1997,"123,237"
Oswego,1998,"122,153"
Oswego,1999,"122,199"
Oswego,2000,"122,477"
Oswego,2001,"122,269"
Oswego,2002,"122,496"
Oswego,2003,"123,120"
Oswego,2004,"123,340"
Oswego,2005,"122,640"
Oswego,2006,"122,354"
Oswego,2007,"122,213"
Oswego,2008,"122,366"
Oswego,2009,"122,055"
Oswego,2010,"122,165"
Oswego,2011,"122,109"
Oswego,2012,"121,689"
Oswego,2013,"121,504"
Oswego,2014,"121,026"
Oswego,2015,"120,276"
Oswego,2016,"119,517"
Oswego,2017,"119,152"
Oswego,2018,"118,325"
Oswego,2019,"117,837"
Oswego,2020,"117,437"
Oswego,2021,"118,057"
Oswego,2022,"118,150"
Oswego,2023,"117,939"
Oswego,2024,"118,182"
Otsego,1990,"60,518"
Otsego,1991,"60,729"
Otsego,1992,"61,195"
Otsego,1993,"61,537"
Otsego,1994,"61,916"
Otsego,1995,"61,671"
Otsego,1996,"61,584"
Otsego,1997,"61,371"
Otsego,1998,"61,379"
Otsego,1999,"61,629"
Otsego,2000,"61,860"
Otsego,2001,"61,924"
Otsego,2002,"62,093"
Otsego,2003,"62,567"
Otsego,2004,"62,934"
Otsego,2005,"63,069"
Otsego,2006,"63,032"
Otsego,2007,"62,914"
Otsego,2008,"62,561"
Otsego,2009,"62,280"
Otsego,2010,"62,251"
Otsego,2011,"61,933"
Otsego,2012,"61,681"
Otsego,2013,"61,519"
Otsego,2014,"60,818"
Otsego,2015,"60,333"
Otsego,2016,"59,907"
Otsego,2017,"59,690"
Otsego,2018,"59,527"
Otsego,2019,"59,010"
Otsego,2020,"58,389"
Otsego,2021,"60,737"
Otsego,2022,"60,447"
Otsego,2023,"60,581"
Otsego,2024,"60,634"
Putnam,1990,"84,222"
Putnam,1991,"85,488"
Putnam,1992,"86,828"
Putnam,1993,"87,948"
Putnam,1994,"88,964"
Putnam,1995,"89,969"
Putnam,1996,"90,768"
Putnam,1997,"92,139"
Putnam,1998,"93,301"
Putnam,1999,"94,647"
Putnam,2000,"96,049"
Putnam,2001,"97,055"
Putnam,2002,"98,263"
Putnam,2003,"98,964"
Putnam,2004,"99,468"
Putnam,2005,"99,575"
Putnam,2006,"99,357"
Putnam,2007,"99,454"
Putnam,2008,"99,537"
Putnam,2009,"99,666"
Putnam,2010,"99,622"
Putnam,2011,"99,692"
Putnam,2012,"99,395"
Putnam,2013,"99,250"
Putnam,2014,"99,020"
Putnam,2015,"98,681"
Putnam,2016,"98,185"
Putnam,2017,"98,241"
Putnam,2018,"98,120"
Putnam,2019,"97,669"
Putnam,2020,"97,636"
Putnam,2021,"98,272"
Putnam,2022,"98,361"
Putnam,2023,"98,110"
Putnam,2024,"98,842"
Queens,1990,"1,957,281"
Queens,1991,"1,975,556"
Queens,1992,"1,996,512"
Queens,1993,"2,023,400"
Queens,1994,"2,047,884"
Queens,1995,"2,074,581"
Queens,1996,"2,105,520"
Queens,1997,"2,138,503"
Queens,1998,"2,174,983"
Queens,1999,"2,208,975"
Queens,2000,"2,230,501"
Queens,2001,"2,231,316"
Queens,2002,"2,224,507"
Queens,2003,"2,214,608"
Queens,2004,"2,198,516"
Queens,2005,"2,185,222"
Queens,2006,"2,173,862"
Queens,2007,"2,177,351"
Queens,2008,"2,193,623"
Queens,2009,"2,217,166"
Queens,2010,"2,238,813"
Queens,2011,"2,276,504"
Queens,2012,"2,310,213"
Queens,2013,"2,342,084"
Queens,2014,"2,370,533"
Queens,2015,"2,394,554"
Queens,2016,"2,412,601"
Queens,2017,"2,418,581"
Queens,2018,"2,415,645"
Queens,2019,"2,411,304"
Queens,2020,"2,385,541"
Queens,2021,"2,328,520"
Queens,2022,"2,291,363"
Queens,2023,"2,314,747"
Queens,2024,"2,367,034"
Rensselaer,1990,"154,680"
Rensselaer,1991,"155,039"
Rensselaer,1992,"156,266"
Rensselaer,1993,"156,232"
Rensselaer,1994,"155,520"
Rensselaer,1995,"154,969"
Rensselaer,1996,"154,928"
Rensselaer,1997,"153,653"
Rensselaer,1998,"153,085"
Rensselaer,1999,"152,392"
Rensselaer,2000,"152,684"
Rensselaer,2001,"152,700"
Rensselaer,2002,"153,040"
Rensselaer,2003,"154,201"
Rensselaer,2004,"155,523"
Rensselaer,2005,"156,104"
Rensselaer,2006,"157,312"
Rensselaer,2007,"158,243"
Rensselaer,2008,"159,011"
Rensselaer,2009,"159,150"
Rensselaer,2010,"159,411"
Rensselaer,2011,"159,948"
Rensselaer,2012,"160,083"
Rensselaer,2013,"160,480"
Rensselaer,2014,"160,884"
Rensselaer,2015,"160,851"
Rensselaer,2016,"161,024"
Rensselaer,2017,"161,201"
Rensselaer,2018,"161,713"
Rensselaer,2019,"161,516"
Rensselaer,2020,"160,889"
Rensselaer,2021,"160,634"
Rensselaer,2022,"159,213"
Rensselaer,2023,"159,605"
Rensselaer,2024,"160,014"
Richmond,1990,"380,564"
Richmond,1991,"387,948"
Richmond,1992,"395,643"
Richmond,1993,"402,590"
Richmond,1994,"406,208"
Richmond,1995,"409,600"
Richmond,1996,"414,481"
Richmond,1997,"420,725"
Richmond,1998,"428,952"
Richmond,1999,"437,814"
Richmond,2000,"445,235"
Richmond,2001,"448,961"
Richmond,2002,"452,813"
Richmond,2003,"455,939"
Richmond,2004,"456,846"
Richmond,2005,"457,028"
Richmond,2006,"457,577"
Richmond,2007,"459,642"
Richmond,2008,"463,701"
Richmond,2009,"466,965"
Richmond,2010,"470,102"
Richmond,2011,"473,499"
Richmond,2012,"475,075"
Richmond,2013,"478,250"
Richmond,2014,"480,354"
Richmond,2015,"482,745"
Richmond,2016,"486,598"
Richmond,2017,"490,246"
Richmond,2018,"492,946"
Richmond,2019,"494,545"
Richmond,2020,"495,122"
Richmond,2021,"494,101"
Richmond,2022,"492,579"
Richmond,2023,"495,182"
Richmond,2024,"499,572"
Rockland,1990,"265,981"
Rockland,1991,"267,800"
Rockland,1992,"269,753"
Rockland,1993,"272,523"
Rockland,1994,"274,855"
Rockland,1995,"276,649"
Rockland,1996,"277,714"
Rockland,1997,"279,082"
Rockland,1998,"282,044"
Rockland,1999,"285,265"
Rockland,2000,"287,720"
Rockland,2001,"290,613"
Rockland,2002,"293,728"
Rockland,2003,"296,224"
Rockland,2004,"297,562"
Rockland,2005,"298,737"
Rockland,2006,"299,390"
Rockland,2007,"301,668"
Rockland,2008,"305,413"
Rockland,2009,"308,652"
Rockland,2010,"312,793"
Rockland,2011,"316,930"
Rockland,2012,"319,873"
Rockland,2013,"323,148"
Rockland,2014,"326,165"
Rockland,2015,"329,169"
Rockland,2016,"330,652"
Rockland,2017,"333,207"
Rockland,2018,"335,450"
Rockland,2019,"337,332"
Rockland,2020,"337,429"
Rockland,2021,"339,874"
Rockland,2022,"342,154"
Rockland,2023,"346,437"
Rockland,2024,"354,829"
Saratoga,1990,"182,259"
Saratoga,1991,"184,633"
Saratoga,1992,"187,445"
Saratoga,1993,"189,404"
Saratoga,1994,"191,966"
Saratoga,1995,"193,253"
Saratoga,1996,"193,937"
Saratoga,1997,"194,757"
Saratoga,1998,"196,513"
Saratoga,1999,"198,641"
Saratoga,2000,"201,514"
Saratoga,2001,"203,974"
Saratoga,2002,"206,446"
Saratoga,2003,"209,410"
Saratoga,2004,"211,478"
Saratoga,2005,"212,975"
Saratoga,2006,"214,627"
Saratoga,2007,"215,798"
Saratoga,2008,"217,282"
Saratoga,2009,"218,652"
Saratoga,2010,"220,255"
Saratoga,2011,"221,795"
Saratoga,2012,"223,715"
Saratoga,2013,"225,867"
Saratoga,2014,"226,849"
Saratoga,2015,"228,953"
Saratoga,2016,"230,489"
Saratoga,2017,"233,142"
Saratoga,2018,"234,483"
Saratoga,2019,"234,518"
Saratoga,2020,"235,815"
Saratoga,2021,"237,939"
Saratoga,2022,"238,523"
Saratoga,2023,"238,699"
Saratoga,2024,"239,834"
Schenectady,1990,"149,519"
Schenectady,1991,"150,616"
Schenectady,1992,"151,002"
Schenectady,1993,"150,979"
Schenectady,1994,"150,713"
Schenectady,1995,"150,355"
Schenectady,1996,"149,351"
Schenectady,1997,"148,557"
Schenectady,1998,"147,738"
Schenectady,1999,"146,857"
Schenectady,2000,"146,581"
Schenectady,2001,"146,334"
Schenectady,2002,"147,199"
Schenectady,2003,"147,891"
Schenectady,2004,"148,900"
Schenectady,2005,"150,200"
Schenectady,2006,"151,768"
Schenectady,2007,"152,275"
Schenectady,2008,"153,360"
Schenectady,2009,"154,050"
Schenectady,2010,"154,931"
Schenectady,2011,"155,205"
Schenectady,2012,"155,626"
Schenectady,2013,"155,819"
Schenectady,2014,"156,148"
Schenectady,2015,"156,130"
Schenectady,2016,"156,089"
Schenectady,2017,"156,591"
Schenectady,2018,"157,467"
Schenectady,2019,"157,939"
Schenectady,2020,"157,874"
Schenectady,2021,"159,796"
Schenectady,2022,"159,790"
Schenectady,2023,"160,129"
Schenectady,2024,"161,747"
Schoharie,1990,"31,938"
Schoharie,1991,"32,454"
Schoharie,1992,"32,659"
Schoharie,1993,"32,605"
Schoharie,1994,"32,356"
Schoharie,1995,"32,137"
Schoharie,1996,"32,111"
Schoharie,1997,"31,557"
Schoharie,1998,"31,279"
Schoharie,1999,"31,537"
Schoharie,2000,"31,514"
Schoharie,2001,"31,794"
Schoharie,2002,"31,785"
Schoharie,2003,"32,032"
Schoharie,2004,"32,310"
Schoharie,2005,"32,534"
Schoharie,2006,"32,661"
Schoharie,2007,"32,894"
Schoharie,2008,"32,890"
Schoharie,2009,"32,776"
Schoharie,2010,"32,649"
Schoharie,2011,"32,444"
Schoharie,2012,"31,724"
Schoharie,2013,"31,447"
Schoharie,2014,"31,173"
Schoharie,2015,"30,674"
Schoharie,2016,"30,443"
Schoharie,2017,"30,246"
Schoharie,2018,"30,028"
Schoharie,2019,"29,758"
Schoharie,2020,"29,758"
Schoharie,2021,"30,147"
Schoharie,2022,"30,059"
Schoharie,2023,"30,140"
Schoharie,2024,"30,235"
Schuyler,1990,"18,705"
Schuyler,1991,"18,820"
Schuyler,1992,"18,907"
Schuyler,1993,"18,965"
Schuyler,1994,"18,973"
Schuyler,1995,"19,128"
Schuyler,1996,"19,089"
Schuyler,1997,"19,023"
Schuyler,1998,"19,143"
Schuyler,1999,"19,117"
Schuyler,2000,"19,232"
Schuyler,2001,"19,175"
Schuyler,2002,"19,179"
Schuyler,2003,"19,151"
Schuyler,2004,"19,034"
Schuyler,2005,"18,880"
Schuyler,2006,"18,752"
Schuyler,2007,"18,707"
Schuyler,2008,"18,644"
Schuyler,2009,"18,398"
Schuyler,2010,"18,346"
Schuyler,2011,"18,446"
Schuyler,2012,"18,549"
Schuyler,2013,"18,455"
Schuyler,2014,"18,267"
Schuyler,2015,"18,140"
Schuyler,2016,"18,098"
Schuyler,2017,"18,052"
Schuyler,2018,"18,003"
Schuyler,2019,"17,993"
Schuyler,2020,"17,863"
Schuyler,2021,"17,790"
Schuyler,2022,"17,591"
Schuyler,2023,"17,441"
Schuyler,2024,"17,141"
Seneca,1990,"33,710"
Seneca,1991,"33,768"
Seneca,1992,"33,518"
Seneca,1993,"32,871"
Seneca,1994,"32,702"
Seneca,1995,"32,698"
Seneca,1996,"33,500"
Seneca,1997,"33,362"
Seneca,1998,"33,184"
Seneca,1999,"33,231"
Seneca,2000,"33,343"
Seneca,2001,"34,764"
Seneca,2002,"35,046"
Seneca,2003,"35,212"
Seneca,2004,"35,312"
Seneca,2005,"35,177"
Seneca,2006,"35,223"
Seneca,2007,"35,469"
Seneca,2008,"35,370"
Seneca,2009,"35,286"
Seneca,2010,"35,265"
Seneca,2011,"35,294"
Seneca,2012,"35,299"
Seneca,2013,"35,165"
Seneca,2014,"34,788"
Seneca,2015,"34,687"
Seneca,2016,"34,575"
Seneca,2017,"34,119"
Seneca,2018,"34,078"
Seneca,2019,"33,966"
Seneca,2020,"33,445"
Seneca,2021,"33,237"
Seneca,2022,"32,676"
Seneca,2023,"32,449"
Seneca,2024,"32,671"
St Lawrence,1990,"112,158"
St Lawrence,1991,"113,052"
St Lawrence,1992,"114,054"
St Lawrence,1993,"114,867"
St Lawrence,1994,"114,495"
St Lawrence,1995,"114,317"
St Lawrence,1996,"113,888"
St Lawrence,1997,"112,867"
St Lawrence,1998,"112,261"
St Lawrence,1999,"112,202"
St Lawrence,2000,"111,864"
St Lawrence,2001,"111,497"
St Lawrence,2002,"111,292"
St Lawrence,2003,"111,329"
St Lawrence,2004,"111,468"
St Lawrence,2005,"111,606"
St Lawrence,2006,"111,556"
St Lawrence,2007,"111,586"
St Lawrence,2008,"111,684"
St Lawrence,2009,"112,169"
St Lawrence,2010,"111,850"
St Lawrence,2011,"112,432"
St Lawrence,2012,"112,645"
St Lawrence,2013,"112,339"
St Lawrence,2014,"111,962"
St Lawrence,2015,"110,999"
St Lawrence,2016,"110,221"
St Lawrence,2017,"109,597"
St Lawrence,2018,"109,477"
St Lawrence,2019,"108,824"
St Lawrence,2020,"108,182"
St Lawrence,2021,"107,563"
St Lawrence,2022,"106,900"
St Lawrence,2023,"106,607"
St Lawrence,2024,"106,168"
Steuben,1990,"99,286"
Steuben,1991,"99,835"
Steuben,1992,"100,232"
Steuben,1993,"100,550"
Steuben,1994,"100,634"
Steuben,1995,"99,950"
Steuben,1996,"99,212"
Steuben,1997,"98,907"
Steuben,1998,"98,657"
Steuben,1999,"98,458"
Steuben,2000,"98,764"
Steuben,2001,"99,216"
Steuben,2002,"99,583"
Steuben,2003,"99,191"
Steuben,2004,"98,983"
Steuben,2005,"98,868"
Steuben,2006,"98,473"
Steuben,2007,"98,541"
Steuben,2008,"98,726"
Steuben,2009,"98,949"
Steuben,2010,"98,938"
Steuben,2011,"98,960"
Steuben,2012,"98,620"
Steuben,2013,"98,417"
Steuben,2014,"97,618"
Steuben,2015,"96,889"
Steuben,2016,"96,189"
Steuben,2017,"95,467"
Steuben,2018,"94,839"
Steuben,2019,"94,165"
Steuben,2020,"93,371"
Steuben,2021,"93,060"
Steuben,2022,"92,427"
Steuben,2023,"92,078"
Steuben,2024,"91,939"
Suffolk,1990,"1,322,686"
Suffolk,1991,"1,326,777"
Suffolk,1992,"1,336,663"
Suffolk,1993,"1,346,667"
Suffolk,1994,"1,354,011"
Suffolk,1995,"1,361,391"
Suffolk,1996,"1,368,366"
Suffolk,1997,"1,377,203"
Suffolk,1998,"1,390,729"
Suffolk,1999,"1,406,161"
Suffolk,2000,"1,424,081"
Suffolk,2001,"1,442,488"
Suffolk,2002,"1,456,745"
Suffolk,2003,"1,470,849"
Suffolk,2004,"1,478,215"
Suffolk,2005,"1,477,687"
Suffolk,2006,"1,475,626"
Suffolk,2007,"1,475,255"
Suffolk,2008,"1,480,218"
Suffolk,2009,"1,487,206"
Suffolk,2010,"1,495,577"
Suffolk,2011,"1,505,124"
Suffolk,2012,"1,508,218"
Suffolk,2013,"1,513,565"
Suffolk,2014,"1,516,702"
Suffolk,2015,"1,518,120"
Suffolk,2016,"1,517,810"
Suffolk,2017,"1,519,947"
Suffolk,2018,"1,523,333"
Suffolk,2019,"1,524,358"
Suffolk,2020,"1,521,964"
Suffolk,2021,"1,533,742"
Suffolk,2022,"1,531,736"
Suffolk,2023,"1,533,173"
Suffolk,2024,"1,543,330"
Sullivan,1990,"69,545"
Sullivan,1991,"70,347"
Sullivan,1992,"71,416"
Sullivan,1993,"72,145"
Sullivan,1994,"72,152"
Sullivan,1995,"72,379"
Sullivan,1996,"72,758"
Sullivan,1997,"72,712"
Sullivan,1998,"72,974"
Sullivan,1999,"73,341"
Sullivan,2000,"74,134"
Sullivan,2001,"74,143"
Sullivan,2002,"74,452"
Sullivan,2003,"75,447"
Sullivan,2004,"76,265"
Sullivan,2005,"76,780"
Sullivan,2006,"77,231"
Sullivan,2007,"77,991"
Sullivan,2008,"77,755"
Sullivan,2009,"77,647"
Sullivan,2010,"77,551"
Sullivan,2011,"77,416"
Sullivan,2012,"77,579"
Sullivan,2013,"77,879"
Sullivan,2014,"76,858"
Sullivan,2015,"76,341"
Sullivan,2016,"76,688"
Sullivan,2017,"77,059"
Sullivan,2018,"77,723"
Sullivan,2019,"78,177"
Sullivan,2020,"78,461"
Sullivan,2021,"79,745"
Sullivan,2022,"79,868"
Sullivan,2023,"80,413"
Sullivan,2024,"80,901"
Tioga,1990,"52,479"
Tioga,1991,"52,812"
Tioga,1992,"53,111"
Tioga,1993,"53,237"
Tioga,1994,"53,259"
Tioga,1995,"52,601"
Tioga,1996,"52,287"
Tioga,1997,"52,160"
Tioga,1998,"52,163"
Tioga,1999,"51,892"
Tioga,2000,"51,838"
Tioga,2001,"51,712"
Tioga,2002,"51,992"
Tioga,2003,"51,895"
Tioga,2004,"51,631"
Tioga,2005,"51,611"
Tioga,2006,"51,536"
Tioga,2007,"51,565"
Tioga,2008,"51,498"
Tioga,2009,"51,236"
Tioga,2010,"51,023"
Tioga,2011,"50,946"
Tioga,2012,"50,399"
Tioga,2013,"50,276"
Tioga,2014,"50,048"
Tioga,2015,"49,629"
Tioga,2016,"49,142"
Tioga,2017,"48,989"
Tioga,2018,"48,891"
Tioga,2019,"48,641"
Tioga,2020,"48,352"
Tioga,2021,"48,097"
Tioga,2022,"47,724"
Tioga,2023,"47,606"
Tioga,2024,"47,545"
Tompkins,1990,"94,241"
Tompkins,1991,"95,283"
Tompkins,1992,"95,685"
Tompkins,1993,"96,122"
Tompkins,1994,"96,409"
Tompkins,1995,"96,870"
Tompkins,1996,"96,298"
Tompkins,1997,"96,216"
Tompkins,1998,"96,036"
Tompkins,1999,"96,656"
Tompkins,2000,"96,608"
Tompkins,2001,"97,458"
Tompkins,2002,"98,227"
Tompkins,2003,"99,049"
Tompkins,2004,"99,531"
Tompkins,2005,"99,433"
Tompkins,2006,"99,651"
Tompkins,2007,"99,910"
Tompkins,2008,"100,383"
Tompkins,2009,"101,497"
Tompkins,2010,"101,852"
Tompkins,2011,"102,410"
Tompkins,2012,"103,790"
Tompkins,2013,"105,097"
Tompkins,2014,"105,399"
Tompkins,2015,"105,495"
Tompkins,2016,"105,790"
Tompkins,2017,"105,919"
Tompkins,2018,"106,009"
Tompkins,2019,"106,038"
Tompkins,2020,"105,508"
Tompkins,2021,"102,567"
Tompkins,2022,"104,177"
Tompkins,2023,"104,453"
Tompkins,2024,"104,394"
Ulster,1990,"166,049"
Ulster,1991,"168,869"
Ulster,1992,"170,872"
Ulster,1993,"172,594"
Ulster,1994,"172,252"
Ulster,1995,"172,362"
Ulster,1996,"173,205"
Ulster,1997,"174,148"
Ulster,1998,"175,085"
Ulster,1999,"176,526"
Ulster,2000,"177,810"
Ulster,2001,"178,440"
Ulster,2002,"180,128"
Ulster,2003,"180,942"
Ulster,2004,"181,847"
Ulster,2005,"182,438"
Ulster,2006,"182,845"
Ulster,2007,"182,818"
Ulster,2008,"183,174"
Ulster,2009,"182,638"
Ulster,2010,"182,522"
Ulster,2011,"182,959"
Ulster,2012,"182,458"
Ulster,2013,"182,025"
Ulster,2014,"182,140"
Ulster,2015,"181,801"
Ulster,2016,"181,552"
Ulster,2017,"181,558"
Ulster,2018,"181,819"
Ulster,2019,"181,643"
Ulster,2020,"181,304"
Ulster,2021,"183,636"
Ulster,2022,"182,546"
Ulster,2023,"182,956"
Ulster,2024,"183,095"
Warren,1990,"59,520"
Warren,1991,"60,166"
Warren,1992,"60,808"
Warren,1993,"61,670"
Warren,1994,"61,923"
Warren,1995,"62,271"
Warren,1996,"62,337"
Warren,1997,"62,460"
Warren,1998,"62,585"
Warren,1999,"63,031"
Warren,2000,"63,273"
Warren,2001,"63,406"
Warren,2002,"63,774"
Warren,2003,"64,323"
Warren,2004,"64,576"
Warren,2005,"65,206"
Warren,2006,"65,554"
Warren,2007,"65,740"
Warren,2008,"65,848"
Warren,2009,"65,694"
Warren,2010,"65,715"
Warren,2011,"65,989"
Warren,2012,"65,870"
Warren,2013,"65,735"
Warren,2014,"65,709"
Warren,2015,"65,457"
Warren,2016,"65,725"
Warren,2017,"65,798"
Warren,2018,"65,853"
Warren,2019,"65,755"
Warren,2020,"65,597"
Warren,2021,"65,762"
Warren,2022,"65,461"
Warren,2023,"65,467"
Warren,2024,"65,261"
Washington,1990,"59,507"
Washington,1991,"60,120"
Washington,1992,"60,482"
Washington,1993,"60,902"
Washington,1994,"60,860"
Washington,1995,"61,225"
Washington,1996,"61,278"
Washington,1997,"60,950"
Washington,1998,"60,851"
Washington,1999,"61,043"
Washington,2000,"60,977"
Washington,2001,"61,142"
Washington,2002,"61,152"
Washington,2003,"61,621"
Washington,2004,"62,278"
Washington,2005,"62,468"
Washington,2006,"62,771"
Washington,2007,"63,054"
Washington,2008,"63,252"
Washington,2009,"63,077"
Washington,2010,"63,372"
Washington,2011,"63,167"
Washington,2012,"63,137"
Washington,2013,"62,960"
Washington,2014,"62,732"
Washington,2015,"62,559"
Washington,2016,"62,148"
Washington,2017,"61,989"
Washington,2018,"61,777"
Washington,2019,"61,665"
Washington,2020,"61,127"
Washington,2021,"60,924"
Washington,2022,"60,808"
Washington,2023,"60,052"
Washington,2024,"59,822"
Wayne,1990,"89,365"
Wayne,1991,"90,222"
Wayne,1992,"90,896"
Wayne,1993,"91,779"
Wayne,1994,"92,203"
Wayne,1995,"92,740"
Wayne,1996,"93,128"
Wayne,1997,"93,282"
Wayne,1998,"93,624"
Wayne,1999,"93,790"
Wayne,2000,"93,791"
Wayne,2001,"93,794"
Wayne,2002,"93,735"
Wayne,2003,"94,001"
Wayne,2004,"93,860"
Wayne,2005,"93,727"
Wayne,2006,"93,595"
Wayne,2007,"93,539"
Wayne,2008,"93,739"
Wayne,2009,"93,643"
Wayne,2010,"93,796"
Wayne,2011,"93,484"
Wayne,2012,"93,444"
Wayne,2013,"92,946"
Wayne,2014,"92,585"
Wayne,2015,"92,262"
Wayne,2016,"91,950"
Wayne,2017,"91,736"
Wayne,2018,"91,597"
Wayne,2019,"91,483"
Wayne,2020,"91,201"
Wayne,2021,"91,181"
Wayne,2022,"90,839"
Wayne,2023,"90,721"
Wayne,2024,"90,988"
Westchester,1990,"875,578"
Westchester,1991,"878,615"
Westchester,1992,"885,146"
Westchester,1993,"890,061"
Westchester,1994,"893,531"
Westchester,1995,"897,945"
Westchester,1996,"902,174"
Westchester,1997,"905,632"
Westchester,1998,"911,628"
Westchester,1999,"918,532"
Westchester,2000,"925,511"
Westchester,2001,"931,577"
Westchester,2002,"935,219"
Westchester,2003,"935,799"
Westchester,2004,"935,457"
Westchester,2005,"933,401"
Westchester,2006,"931,426"
Westchester,2007,"933,414"
Westchester,2008,"937,449"
Westchester,2009,"944,201"
Westchester,2010,"951,690"
Westchester,2011,"961,082"
Westchester,2012,"968,129"
Westchester,2013,"976,839"
Westchester,2014,"983,034"
Westchester,2015,"988,474"
Westchester,2016,"993,783"
Westchester,2017,"997,084"
Westchester,2018,"999,708"
Westchester,2019,"1,002,976"
Westchester,2020,"1,001,451"
Westchester,2021,"1,000,252"
Westchester,2022,"994,313"
Westchester,2023,"998,335"
Westchester,2024,"1,009,165"
Wyoming,1990,"42,563"
Wyoming,1991,"43,163"
Wyoming,1992,"43,397"
Wyoming,1993,"43,474"
Wyoming,1994,"43,521"
Wyoming,1995,"43,709"
Wyoming,1996,"43,950"
Wyoming,1997,"43,767"
Wyoming,1998,"43,527"
Wyoming,1999,"43,584"
Wyoming,2000,"43,399"
Wyoming,2001,"43,061"
Wyoming,2002,"43,007"
Wyoming,2003,"42,955"
Wyoming,2004,"42,852"
Wyoming,2005,"42,780"
Wyoming,2006,"42,673"
Wyoming,2007,"42,515"
Wyoming,2008,"42,281"
Wyoming,2009,"42,236"
Wyoming,2010,"42,148"
Wyoming,2011,"41,971"
Wyoming,2012,"41,916"
Wyoming,2013,"41,678"
Wyoming,2014,"41,549"
Wyoming,2015,"41,437"
Wyoming,2016,"41,044"
Wyoming,2017,"40,985"
Wyoming,2018,"40,851"
Wyoming,2019,"40,737"
Wyoming,2020,"40,264"
Wyoming,2021,"40,125"
Wyoming,2022,"39,824"
Wyoming,2023,"39,750"
Wyoming,2024,"39,817"
Yates,1990,"22,891"
Yates,1991,"23,087"
Yates,1992,"23,211"
Yates,1993,"23,531"
Yates,1994,"23,922"
Yates,1995,"24,064"
Yates,1996,"24,209"
Yates,1997,"24,245"
Yates,1998,"24,355"
Yates,1999,"24,613"
Yates,2000,"24,723"
Yates,2001,"24,725"
Yates,2002,"24,688"
Yates,2003,"24,898"
Yates,2004,"25,008"
Yates,2005,"25,129"
Yates,2006,"25,025"
Yates,2007,"25,234"
Yates,2008,"25,352"
Yates,2009,"25,303"
Yates,2010,"25,375"
Yates,2011,"25,448"
Yates,2012,"25,332"
Yates,2013,"25,206"
Yates,2014,"25,145"
Yates,2015,"25,124"
Yates,2016,"25,055"
Yates,2017,"24,992"
Yates,2018,"24,926"
Yates,2019,"24,865"
Yates,2020,"24,735"
Yates,2021,"24,574"
Yates,2022,"24,455"
Yates,2023,"24,367"
Yates,2024,"24,434"
